{"name": "London", "country": "UK", "lat": 51.5081289, "lon": -0.128005}
{"name": "Berlin", "country": "Germany", "lat": 52.524268, "lon": 13.40629}
{"name": "Madrid", "country": "Spain", "lat": 40.4166909, "lon": -3.700345399999999}
{"name": "Rome", "country": "Italy", "lat": 41.8905198, "lon": 12.4942486}
{"name": "Paris", "country": "France", "lat": 48.856614, "lon": 2.3522219}
{"name": "Bucharest", "country": "Romania", "lat": 44.43771100000001, "lon": 26.0973669}
{"name": "Budapest", "country": "Hungary", "lat": 47.4984056, "lon": 19.0407578}
{"name": "Hamburg", "country": "Germany", "lat": 53.556866, "lon": 9.994622}
{"name": "Warsaw", "country": "Poland", "lat": 52.2296756, "lon": 21.0122287}
{"name": "Belgrade", "country": "Serbia", "lat": 44.802416, "lon": 20.465601}
{"name": "Vienna", "country": "Austria", "lat": 48.2081743, "lon": 16.3738189}
{"name": "Barcelona", "country": "Spain", "lat": 41.387917, "lon": 2.1699187}
{"name": "Milan", "country": "Italy", "lat": 45.463681, "lon": 9.1881714}
{"name": "Munich", "country": "Germany", "lat": 48.1448353, "lon": 11.5580067}
{"name": "Prague", "country": "Czech Republic", "lat": 50.0878114, "lon": 14.4204598}
{"name": "Sofia", "country": "Bulgaria", "lat": 42.6964917, "lon": 23.3260106}
{"name": "Naples", "country": "Italy", "lat": 40.8399833, "lon": 14.2525421}
{"name": "Birmingham", "country": "UK", "lat": 52.48624299999999, "lon": -1.890401}
{"name": "Cologne", "country": "Germany", "lat": 50.9580867, "lon": 6.9204493}
{"name": "Turin", "country": "Italy", "lat": 45.0708515, "lon": 7.6843404}
{"name": "Zagreb", "country": "Croatia", "lat": 45.814912, "lon": 15.9785145}
{"name": "Łódź", "country": "Poland", "lat": 51.7592485, "lon": 19.4559833}
{"name": "Marseille", "country": "France", "lat": 43.296482, "lon": 5.36978}
{"name": "Riga", "country": "Latvia", "lat": 56.9462031, "lon": 24.1042872}
{"name": "Athens", "country": "Greece", "lat": 37.9753357, "lon": 23.7361497}
{"name": "Salonika", "country": "Greece", "lat": 40.63935, "lon": 22.944607}
{"name": "Stockholm", "country": "Sweden", "lat": 59.32893000000001, "lon": 18.06491}
{"name": "Kraków", "country": "Poland", "lat": 50.06465009999999, "lon": 19.9449799}
{"name": "Valencia", "country": "Spain", "lat": 39.4702393, "lon": -0.3768049}
{"name": "Amsterdam", "country": "The Netherlands", "lat": 52.3702157, "lon": 4.895167900000001}
{"name": "Leeds", "country": "UK", "lat": 53.801279, "lon": -1.548567}
{"name": "Seville", "country": "Spain", "lat": 37.38263999999999, "lon": -5.996295099999999}
{"name": "Palermo", "country": "Italy", "lat": 38.11564, "lon": 13.3614059}
{"name": "Chisinau", "country": "Moldova", "lat": 47.02685899999999, "lon": 28.841551}
{"name": "Genoa", "country": "Italy", "lat": 44.4070624, "lon": 8.9339889}
{"name": "Frankfurt", "country": "Germany", "lat": 50.1109221, "lon": 8.6821267}
{"name": "Wrocław", "country": "Poland", "lat": 51.1078852, "lon": 17.0385376}
{"name": "Glasgow", "country": "UK", "lat": 55.864237, "lon": -4.251806}
{"name": "Saragossa", "country": "Spain", "lat": 41.6562873, "lon": -0.8765379000000001}
{"name": "Essen", "country": "Germany", "lat": 51.46227, "lon": 7.008653300000001}
{"name": "Rotterdam", "country": "The Netherlands", "lat": 51.92421599999999, "lon": 4.481776}
{"name": "Dortmund", "country": "Germany", "lat": 51.50409879999999, "lon": 7.4835995}
{"name": "Stuttgart", "country": "Germany", "lat": 48.7754181, "lon": 9.181758799999999}
{"name": "Vilnius", "country": "Lithuania", "lat": 54.6893865, "lon": 25.2800243}
{"name": "Poznań", "country": "Poland", "lat": 52.406374, "lon": 16.9251681}
{"name": "Düsseldorf", "country": "Germany", "lat": 51.220532, "lon": 6.810061699999999}
{"name": "Lisbon", "country": "Portugal", "lat": 38.70693199999999, "lon": -9.135632099999999}
{"name": "Helsinki", "country": "Finland", "lat": 60.169845, "lon": 24.9385508}
{"name": "Malaga", "country": "Spain", "lat": 36.7196484, "lon": -4.420016299999999}
{"name": "Bremen", "country": "Germany", "lat": 53.0847558, "lon": 8.8208279}
{"name": "Sheffield", "country": "UK", "lat": 53.38112899999999, "lon": -1.470085}
{"name": "Sarajevo", "country": "Bosnia and Herzegovina", "lat": 43.8476, "lon": 18.3564}
{"name": "Duisburg", "country": "Germany", "lat": 51.4344079, "lon": 6.762329299999999}
{"name": "Hanover", "country": "Germany", "lat": 52.3843792, "lon": 9.7271906}
{"name": "Oslo", "country": "Norway", "lat": 59.9138688, "lon": 10.7522454}
{"name": "Copenhagen", "country": "Denmark", "lat": 55.6760968, "lon": 12.5683371}
{"name": "Leipzig", "country": "Germany", "lat": 51.3490384, "lon": 12.3938226}
{"name": "Nuremberg", "country": "Germany", "lat": 49.4451843, "lon": 11.087422}
{"name": "Bradford", "country": "UK", "lat": 53.795984, "lon": -1.759398}
{"name": "Dublin", "country": "Ireland", "lat": 53.34410399999999, "lon": -6.267493699999999}
{"name": "Dresden", "country": "Germany", "lat": 51.0305106, "lon": 13.7572182}
{"name": "Liverpool", "country": "UK", "lat": 53.41154, "lon": -2.990116}
{"name": "Antwerp", "country": "Belgium", "lat": 51.21921589999999, "lon": 4.402881799999999}
{"name": "Gothenburg", "country": "Sweden", "lat": 57.70887, "lon": 11.97456}
{"name": "Gdańsk", "country": "Poland", "lat": 54.35202520000001, "lon": 18.6466384}
{"name": "Edinburgh", "country": "UK", "lat": 55.953252, "lon": -3.188267}
{"name": "Bratislava", "country": "Slovakia", "lat": 48.1462386, "lon": 17.1072618}
{"name": "The Hague", "country": "The Netherlands", "lat": 52.0704978, "lon": 4.3006999}
{"name": "Manchester", "country": "UK", "lat": 53.479251, "lon": -2.247926}
{"name": "Skopje", "country": "Macedonia", "lat": 42.003812, "lon": 21.452246}
{"name": "Tallinn", "country": "Estonia", "lat": 59.4426896, "lon": 24.7531972}
{"name": "Szczecin", "country": "Poland", "lat": 53.4285438, "lon": 14.5528116}
{"name": "Lyon", "country": "France", "lat": 45.764043, "lon": 4.835659}
{"name": "Kaunas", "country": "Lithuania", "lat": 54.8968721, "lon": 23.8924264}
{"name": "Bristol", "country": "UK", "lat": 51.454513, "lon": -2.58791}
{"name": "Bochum", "country": "Germany", "lat": 51.4696168, "lon": 7.198734699999998}
{"name": "Kirklees", "country": "UK", "lat": 53.5933432, "lon": -1.8009509}
{"name": "Bydgoszcz", "country": "Poland", "lat": 53.12348040000001, "lon": 18.0084378}
{"name": "Bologna", "country": "Italy", "lat": 44.4941903, "lon": 11.3465185}
{"name": "Brno", "country": "Czech Republic", "lat": 49.19205059999999, "lon": 16.6131909}
{"name": "Florence", "country": "Italy", "lat": 43.7687324, "lon": 11.2569013}
{"name": "Wuppertal", "country": "Germany", "lat": 51.2611814, "lon": 7.162903399999999}
{"name": "Toulouse", "country": "France", "lat": 43.604652, "lon": 1.444209}
{"name": "Lublin", "country": "Poland", "lat": 51.2464536, "lon": 22.5684463}
{"name": "Bilbao", "country": "Spain", "lat": 43.2569629, "lon": -2.9234409}
{"name": "Murcia", "country": "Spain", "lat": 37.98344489999999, "lon": -1.1298897}
{"name": "Fife", "country": "UK", "lat": 56.2082078, "lon": -3.1495175}
{"name": "Iaşi", "country": "Romania", "lat": 47.1569444, "lon": 27.5902778}
{"name": "Katowice", "country": "Poland", "lat": 50.26489189999999, "lon": 19.0237815}
{"name": "Nice", "country": "France", "lat": 43.696036, "lon": 7.265592}
{"name": "Constanta", "country": "Romania", "lat": 44.1733333, "lon": 28.6383333}
{"name": "Catania", "country": "Italy", "lat": 37.5024825, "lon": 15.0878345}
{"name": "Zurich", "country": "Switzerland", "lat": 47.3686498, "lon": 8.539182499999999}
{"name": "Bari", "lat": 41.1259135, "lon": 16.8721133}
{"name": "Cluj-Napoca", "country": "Romania", "lat": 46.777248, "lon": 23.5998899}
{"name": "Galati", "country": "Romania", "lat": 45.42572000000001, "lon": 28.031044}
{"name": "Wirral", "country": "UK", "lat": 53.37797399999999, "lon": -3.108818}
{"name": "North Lanarkshire", "country": "UK", "lat": 55.8289139, "lon": -3.9221958}
{"name": "Timisoara", "country": "Romania", "lat": 45.755539, "lon": 21.237499}
{"name": "Ostrava", "country": "Czech Republic", "lat": 49.8412715, "lon": 18.2902483}
{"name": "Bielefeld", "country": "Germany", "lat": 52.02159630000001, "lon": 8.545686}
{"name": "Wakefield", "country": "UK", "lat": 53.683298, "lon": -1.505924}
{"name": "Valladolid", "country": "Spain", "lat": 41.6529434, "lon": -4.7283811}
{"name": "Cardiff", "country": "UK", "lat": 51.48158100000001, "lon": -3.17909}
{"name": "Braşov", "country": "Romania", "lat": 45.655651, "lon": 25.6108}
{"name": "Craiova", "country": "Romania", "lat": 44.32476, "lon": 23.813471}
{"name": "Dudley", "country": "UK", "lat": 52.512255, "lon": -2.081112}
{"name": "Wigan", "country": "UK", "lat": 53.54544, "lon": -2.637474}
{"name": "East Riding of Yorkshire", "country": "UK", "lat": 53.8215889, "lon": -0.7189977}
{"name": "Mannheim", "country": "Germany", "lat": 49.4609731, "lon": 8.4904166}
{"name": "Cordova", "country": "Spain", "lat": 37.88472670000001, "lon": -4.7791517}
{"name": "South Lanarkshire", "country": "UK", "lat": 55.5243038, "lon": -3.7035077}
{"name": "Coventry", "country": "UK", "lat": 52.406822, "lon": -1.519693}
{"name": "Palma", "country": "Spain", "lat": 39.5695059, "lon": 2.649966}
{"name": "Bonn", "country": "Germany", "lat": 50.7116826, "lon": 7.1047327}
{"name": "Varna Municipality", "country": "Bulgaria", "lat": 43.21664519999999, "lon": 27.9118058}
{"name": "Venice", "country": "Italy", "lat": 45.4343363, "lon": 12.3387844}
{"name": "Belfast", "country": "UK", "lat": 54.59744329999999, "lon": -5.9340683}
{"name": "Leicester", "country": "UK", "lat": 52.6368778, "lon": -1.1397592}
{"name": "Sunderland", "country": "UK", "lat": 54.906869, "lon": -1.383801}
{"name": "Sandwell", "country": "UK", "lat": 52.504335, "lon": -1.972875}
{"name": "Doncaster", "country": "UK", "lat": 53.52282, "lon": -1.128462}
{"name": "Stockport", "country": "UK", "lat": 53.406754, "lon": -2.158843}
{"name": "Sefton", "country": "UK", "lat": 53.503445, "lon": -2.970359}
{"name": "Vigo", "country": "Spain", "lat": 42.2313564, "lon": -8.7124471}
{"name": "Aarhus", "country": "Denmark", "lat": 56.162939, "lon": 10.203921}
{"name": "Białystok", "country": "Poland", "lat": 53.13248859999999, "lon": 23.1688403}
{"name": "Nottingham", "country": "UK", "lat": 52.95477, "lon": -1.158086}
{"name": "Newcastle Upon Tyne", "country": "UK", "lat": 54.978252, "lon": -1.61778}
{"name": "Gelsenkirchen", "country": "Germany", "lat": 51.517744, "lon": 7.085717199999999}
{"name": "Karlsruhe", "country": "Germany", "lat": 49.009148, "lon": 8.3799444}
{"name": "Oporto", "country": "Portugal", "lat": 41.149968, "lon": -8.6102426}
{"name": "Alicante", "country": "Spain", "lat": 38.34521, "lon": -0.4809944999999999}
{"name": "Wiesbaden", "country": "Germany", "lat": 50.0630804, "lon": 8.2433437}
{"name": "Hull", "country": "UK", "lat": 53.7456709, "lon": -0.3367413}
{"name": "Novi Sad", "country": "Serbia", "lat": 45.25, "lon": 19.85}
{"name": "Bolton", "country": "UK", "lat": 53.584441, "lon": -2.428619}
{"name": "Münster", "country": "Germany", "lat": 51.9514808, "lon": 7.625538799999999}
{"name": "Gijón", "country": "Spain", "lat": 43.5452608, "lon": -5.6619264}
{"name": "Ljubljana", "country": "Slovenia", "lat": 46.0514263, "lon": 14.5059655}
{"name": "Mönchengladbach", "country": "Germany", "lat": 51.1804572, "lon": 6.4428041}
{"name": "Chemnitz", "country": "Germany", "lat": 50.827845, "lon": 12.9213697}
{"name": "Messina", "country": "Italy", "lat": 38.1923323, "lon": 15.5555232}
{"name": "Walsall", "country": "UK", "lat": 52.586214, "lon": -1.982919}
{"name": "Malmö", "country": "Sweden", "lat": 55.604981, "lon": 13.003822}
{"name": "Częstochowa", "country": "Poland", "lat": 50.8173871, "lon": 19.1185308}
{"name": "Plymouth", "country": "UK", "lat": 50.3719165, "lon": -4.1360198}
{"name": "Hospitalet de Llobregat", "country": "Spain", "lat": 41.3595829, "lon": 2.0997037}
{"name": "Rotherham", "country": "UK", "lat": 53.4326035, "lon": -1.3635009}
{"name": "Augsburg", "country": "Germany", "lat": 48.37144070000001, "lon": 10.8982552}
{"name": "Stoke-on-Trent", "country": "UK", "lat": 53.002668, "lon": -2.179404}
{"name": "Halle", "country": "Germany", "lat": 51.47971, "lon": 11.96864}
{"name": "Verona Province of Verona", "country": "Italy", "lat": 45.4383395, "lon": 10.9917277}
{"name": "Gdynia", "country": "Poland", "lat": 54.5188898, "lon": 18.5305409}
{"name": "Strasbourg", "country": "France", "lat": 48.583148, "lon": 7.747882}
{"name": "Ploiesti", "country": "Romania", "lat": 44.94, "lon": 26.03}
{"name": "Niš", "country": "Serbia", "lat": 43.31938, "lon": 21.896328}
{"name": "Braunschweig", "country": "Germany", "lat": 52.2688736, "lon": 10.5267696}
{"name": "Nantes", "country": "France", "lat": 47.218371, "lon": -1.553621}
{"name": "Wolverhampton", "country": "UK", "lat": 52.586973, "lon": -2.12882}
{"name": "Tirana", "country": "Albania", "lat": 41.326, "lon": 19.816}
{"name": "Aachen", "country": "Germany", "lat": 50.7733179, "lon": 6.1021106}
{"name": "Sosnowiec", "country": "Poland", "lat": 50.28626380000001, "lon": 19.1040791}
{"name": "Granada", "country": "Spain", "lat": 37.17648740000001, "lon": -3.5979291}
{"name": "Kosice", "country": "Slovakia", "lat": 48.72099559999999, "lon": 21.2577477}
{"name": "Krefeld", "country": "Germany", "lat": 51.3387609, "lon": 6.5853417}
{"name": "Corunna", "country": "Spain", "lat": 43.3708731, "lon": -8.395835}
{"name": "Graz", "country": "Austria", "lat": 47.070714, "lon": 15.439504}
{"name": "South Gloucestershire", "country": "UK", "lat": 51.531456, "lon": -2.4547158}
{"name": "Magdeburg", "country": "Germany", "lat": 52.130807, "lon": 11.628878}
{"name": "Kiel", "country": "Germany", "lat": 54.3232927, "lon": 10.1227652}
{"name": "Braila", "country": "Romania", "lat": 45.2691944, "lon": 27.9574722}
{"name": "Derby", "country": "UK", "lat": 52.9225301, "lon": -1.4746186}
{"name": "Utrecht", "country": "The Netherlands", "lat": 52.0901422, "lon": 5.109664899999999}
{"name": "Radom", "country": "Poland", "lat": 51.40272359999999, "lon": 21.1471333}
{"name": "Ghent", "country": "Belgium", "lat": 51.053468, "lon": 3.73038}
{"name": "Swansea", "country": "UK", "lat": 51.62144, "lon": -3.943645999999999}
{"name": "Salford", "country": "UK", "lat": 53.488465, "lon": -2.2982969}
{"name": "Bergen", "country": "Norway", "lat": 60.39126279999999, "lon": 5.3220544}
{"name": "Aberdeenshire", "country": "UK", "lat": 57.16214290000001, "lon": -2.7194167}
{"name": "Barnsley", "country": "UK", "lat": 53.55263, "lon": -1.479726}
{"name": "Trieste", "country": "Italy", "lat": 45.6535567, "lon": 13.7784665}
{"name": "Oberhausen", "country": "Germany", "lat": 51.4964886, "lon": 6.8515156}
{"name": "Oradea", "country": "Romania", "lat": 47.0722222, "lon": 21.9211111}
{"name": "Tameside", "country": "UK", "lat": 53.4805828, "lon": -2.0809891}
{"name": "Oldham", "country": "UK", "lat": 53.5445459, "lon": -2.118732}
{"name": "Trafford", "country": "UK", "lat": 53.4325608, "lon": -2.3395318}
{"name": "Aberdeen", "country": "UK", "lat": 57.149717, "lon": -2.094278}
{"name": "Vitoria-Gasteiz", "country": "Spain", "lat": 42.8467181, "lon": -2.6716351}
{"name": "Southampton", "country": "UK", "lat": 50.90970040000001, "lon": -1.4043509}
{"name": "Lübeck", "country": "Germany", "lat": 53.86588560000001, "lon": 10.6870959}
{"name": "Padua", "country": "Italy", "lat": 45.4095382, "lon": 11.8765537}
{"name": "Taranto", "country": "Italy", "lat": 40.4692383, "lon": 17.2400088}
{"name": "Kielce", "country": "Poland", "lat": 50.8660773, "lon": 20.6285677}
{"name": "Gliwice", "country": "Poland", "lat": 50.29449229999999, "lon": 18.6713802}
{"name": "Badalona", "country": "Spain", "lat": 41.450137, "lon": 2.2474195}
{"name": "Bordeaux", "country": "France", "lat": 44.837789, "lon": -0.57918}
{"name": "Bacau", "country": "Romania", "lat": 46.571289, "lon": 26.925171}
{"name": "Highland", "country": "UK", "lat": 57.3596139, "lon": -5.0992763}